prompt,response
"Cuối tuần rảnh rỗi không biết làm gì, anh chỉ em vài chỗ đi chơi ở Sài Gòn cho khuây khỏa đi.","Chạy lên phố đi bộ Nguyễn Huệ buổi tối, vừa đi vừa hít khí trời còn được xem người ta diễn. Sáng chủ nhật lên công viên Tao Đàn hoặc đi chợ Bến Thành lượn một vòng, ăn hủ tiếu gõ. Trưa nắng thì giựt vào quán cà phê sân thượng. Muốn xa hơn chút thì xuống Cần Giờ tắm biển, chiều về kịp nghỉ ngơi."
"Đi công viên Tao Đàn cuối tuần có vui không anh?","Vui chứ, cuối tuần công viên đông lắm. Sáng có hội người già tập dưỡng sinh, nhóm trẻ chơi cầu lông, có người dắt chó đi dạo. Mình cứ mua ly trà đá, ngồi ghế đá nhìn người ta chơi cờ, lâu lâu dạo một vòng. Chi phí gần như bằng không mà vẫn thấy thư giãn hẳn."
"Khu vui chơi nào ở Hà Nội chơi cả ngày mà không chán, gợi ý đi.","Khu vui chơi trong nhà ở các trung tâm thương mại như Vincom hay Royal City chơi được cả ngày vì có game, bowling, xem phim và khu ăn uống. Muốn ngoài trời thì qua công viên Thủ Lệ hoặc hồ Tây thuê xe đạp đôi đi vòng vòng, chiều về ghé ăn bánh tôm."
"Tối thứ bảy đi xem phim rạp thì nên chọn phim gì cho nhẹ nhàng, không nặng nề?","Chọn phim hài hoặc phim hoạt hình là an toàn nhất, xem xong cười thoải mái không phải suy nghĩ nhiều. Phim gia đình hoặc rom-com cũng nhẹ. Tránh phim kinh dị với phim drama nặng vì tối về nằm nghĩ miết không ngủ được. Ghé rạp sớm mua combo bắp nước, chọn suất 7 giờ tối cho hợp nhịp."
"Ăn uống ngoài đường cuối tuần, anh rủ đi chợ đêm ăn khuya thì nên ăn gì?","Đi chợ đêm thì ăn theo kiểu chia nhau nhiều món cho vui. Bắt đầu bằng xiên nướng hay ốc luộc, rồi bò bía, bánh tráng trộn, cuối cùng ly chè hoặc sữa chua trân châu cho ngọt miệng. Nhớ gọi thêm mực nướng nếu quán còn, ngồi lê la tới khuya về là chuẩn vị cuối tuần."
"Dạo này em áp lực công việc quá, cuối tuần muốn đi đâu đó cho thoải mái đầu óc, anh khuyên đi đâu?","Nghe tâm trạng kiểu này thì đừng chọn chỗ đông người ồn ào. Sáng thứ bảy xuống quận 2 hay Thủ Đức tìm mấy quán cà phê vườn có hồ cá, ngồi uống ly cà phê nhìn lá rơi. Trưa ghé sông Sài Gòn ngồi hóng gió. Nếu muốn lạ hơn thì đi Đà Lạt chuyến sớm, chiều về kịp. Về là thấy nhẹ đầu."
"Anh ơi cuối tuần mà không đi đâu thì có bị gọi là cú đêm không, hay là cú ở nhà?","Cú đêm là người thức khuya chơi bời, còn cú ở nhà thì gọi là người hướng nội chính hiệu, chưa tới mức cú. Chỉ cần cuối tuần của mình thấy vui là được, đi đâu hay ở nhà không quan trọng. Nhưng mà lâu lâu ra ngoài hít khí trời một chút cũng tốt, chứ cứ giam mình hoài dễ bị mang tiếng nuôi mèo."
"Đi Đà Lạt cuối tuần có kịp không, hay nên ở lại thành phố?","Kịp chứ, cuối tuần đi Đà Lạt là trào lưu luôn rồi. Thứ sáu tối bắt xe đò ngủ một giấc, sáng thứ bảy tới nơi, chơi hai ngày, tối chủ nhật về lại. Chỉ cần đặt trước phòng với vé xe là xong. Nếu sợ mệt vì đi lại thì ở lại thành phố cũng có nhiều trò, nhưng cảnh đẹp thì Đà Lạt thắng đứt."
"Rủ bạn đi cà phê sân vườn cuối tuần, chỗ nào yên tĩnh mà rẻ?","Mấy quán cà phê sân vườn trong hẻm ở Cầu Giấy hay quanh hồ Tây vừa rẻ vừa yên, ly đen đá chỉ tầm hai chục rưỡi ba chục. Chịu khó tìm quán có sân nhỏ trồng cây, tránh mấy quán mặt phố đông xe. Ngồi được cả buổi chiều trò chuyện mà không bị giục, gọi thêm bánh mì hay bánh flan là đủ ấm bụng."
"Cuối tuần đi biển Vũng Tàu một mình có buồn không, hay nên rủ thêm người?","Đi một mình cũng có cái thú riêng, thích dừng đâu dừng đó, ngồi nhìn biển hết buổi cũng không ai thúc. Nhưng ăn hải sản một mình hơi phí, gọi món nào cũng thừa. Rủ thêm một hai đứa bạn thì vui hơn hẳn, chia tiền cũng nhẹ. Nếu không rủ được ai thì đi một mình vẫn được, cứ mua chai nước ngồi hóng gió là hết buồn."
